Ms,Victor,Garza
Ms,Jessica,Wilson
Ms,Sara,Snyder
Mrs,Bruce,Mccoy
Mr,Katherine,Vasquez
Rev,Henry,Johnson
Honorable,Randy,Chavez
Mrs,Ruth,Flores
Mrs,Virginia,Ramirez
Mr,Michael,Foster
Mr,Louise,Lawrence
Honorable,Christina,Burns
Dr,Matthew,Gray
Dr,Mildred,Mcdonald
Ms,Justin,Sullivan
Rev,Daniel,Stephens
Mr,Lori,Phillips
Ms,Roger,Parker
Rev,Ryan,Carpenter
Ms,Andrew,Garcia
Honorable,Chris,Fernandez
Mrs,Daniel,Howard
Ms,Scott,Rodriguez
Honorable,Richard,Welch
Mrs,Denise,Peterson
Honorable,Joe,Boyd
Rev,Julia,Porter
Honorable,Todd,Warren
Mr,Louis,Brown
Mr,Lois,King
Rev,Lawrence,Bowman
Ms,Sara,Williams
Honorable,Stephen,Daniels
Honorable,Frances,Walker
Honorable,Craig,Diaz
Ms,Martin,Carr
Mr,Carolyn,Montgomery
Rev,Lisa,Stephens
Rev,Matthew,Hunt
Ms,Jose,Bennett
Honorable,Emily,Banks
Honorable,Betty,Foster
Mr,Arthur,Mccoy
Dr,Teresa,Duncan
Honorable,David,Bailey
Dr,Judy,Jackson
Mrs,Kathryn,Duncan
Ms,Rose,Barnes
Mrs,Pamela,Griffin
Honorable,Jennifer,Hall
Rev,Todd,Reid
Ms,Steven,Walker
Dr,Robert,Harvey
Mr,Jesse,Morales
Ms,Albert,Nichols
Rev,Gloria,Hill
Ms,Joshua,Simmons
Dr,Albert,Ferguson
Ms,Alice,Sanders
Honorable,Pamela,Black
Mrs,Jean,Butler
Rev,Barbara,Romero
Rev,Russell,Kelley
Mrs,Antonio,Simmons
Honorable,Victor,Diaz
Dr,Deborah,Ferguson
Dr,Ralph,Scott
Dr,Eugene,Pierce
Ms,Christopher,Boyd
Honorable,Kenneth,Ray
Dr,Billy,Williams
Mr,David,Davis
Mrs,Victor,Reyes
Ms,Carolyn,Griffin
Rev,Joshua,Cruz
Dr,Joe,Thomas
Rev,Jeffrey,Morris
Dr,Debra,Johnston
Mr,Christine,Edwards
Ms,Aaron,Freeman
Honorable,Ann,Howard
Mr,Maria,White
Dr,Alice,Daniels
Ms,Jason,Carpenter
Ms,Kevin,Kim
Dr,William,Price
Dr,Robert,Torres
Mrs,Dennis,Stanley
Rev,Daniel,Parker
Ms,Jane,Thomas
Dr,Douglas,Bowman
Rev,William,Stanley
Ms,Kevin,Perkins
Honorable,Craig,Coleman
Dr,Theresa,Williamson
Mrs,Douglas,Fowler
Mr,Matthew,Shaw
Mrs,Betty,Nguyen
Ms,Raymond,Scott
Honorable,Eric,Kelley
Mrs,Ruby,Fox
Mr,Doris,Porter
Rev,Chris,Hernandez
Rev,Gary,Brooks
Ms,Karen,Henderson
Honorable,Michelle,Harrison
Mrs,Benjamin,Lawson
Dr,Karen,Jacobs
Honorable,Alice,Shaw
Dr,Debra,Mendoza
Honorable,Betty,Cruz
Dr,Deborah,Wilson
Rev,Christina,Graham
Honorable,Louis,Woods
Rev,Joseph,Matthews
Mr,Carol,Brooks
Rev,Jose,Olson
Mr,Phyllis,Wagner
Rev,Alice,Larson
Rev,Raymond,Welch
Mr,Ruth,Nguyen
Ms,Aaron,Dean
Ms,Martin,Smith
Ms,Theresa,Watkins
Dr,Mildred,Dunn
Rev,Billy,Ramos
Dr,Kathleen,Hicks
Ms,Jose,Daniels
Honorable,Steve,Smith
Mrs,Lisa,Sullivan
Mrs,Scott,Woods
Mrs,Phyllis,Campbell
Honorable,Steve,Franklin
Rev,Maria,Fox
Mrs,Harry,Olson
Dr,Jose,Washington
Honorable,Cynthia,Turner
Honorable,Shawn,Wallace
Mrs,Rose,Mason
Rev,William,Evans
Rev,Tammy,Fuller
Dr,Jesse,Johnson
Mrs,Michelle,Perez
Mr,Bobby,Collins
Rev,Joseph,Grant
Dr,Judy,Howell
Dr,Brian,Russell
Dr,Gerald,Parker
Mr,Edward,Barnes
Honorable,Marilyn,Cole
Mrs,Gary,Hudson
Dr,Roy,Wheeler
Mr,Terry,Robertson
Mr,Howard,Evans
Honorable,Janet,Black
Mrs,James,Foster
Mr,Edward,Green
Rev,Joshua,Peterson
Ms,Juan,Rogers
Mr,Craig,Nichols
Mrs,Cynthia,Morris
Dr,Terry,Carpenter
Mrs,Catherine,Morgan
Mr,Tammy,Richards
Mr,Jonathan,Kim
Rev,Lawrence,Nguyen
Mr,Alan,Dixon
Mr,Kenneth,Mitchell
Honorable,Christine,Larson
Rev,Mildred,Murphy
Mr,Karen,Murray
Ms,Laura,Reyes
Mrs,Annie,Meyer
Ms,Pamela,Armstrong
Mrs,Julie,Peterson
Mr,Sandra,Gibson
Mrs,Tammy,Simpson
Mrs,Martha,Snyder
Mrs,David,Clark
Ms,Stephanie,Reid
Mrs,Richard,Reyes
Mr,Bonnie,Greene
Mrs,Ralph,Willis
Honorable,Gary,Kelley
Dr,Terry,Burke
Dr,Theresa,Edwards
Mr,Johnny,Lawrence
Dr,Jeremy,Howard
Mr,Kathryn,Boyd
Mrs,Donald,Gardner
Ms,Amanda,Ruiz
Dr,Patricia,Robinson
Dr,Ralph,Ray
Ms,Charles,Cook
Honorable,Albert,Carter
Mrs,Donna,Fisher
Dr,Norma,Peterson
Rev,Ashley,Arnold
Rev,Jeffrey,Simmons
Dr,Nicole,Dunn
Mr,Denise,Kelley
Honorable,Christina,Gutierrez
Mr,Carol,Cruz
Mr,Lois,George
Mr,Denise,Shaw
Mrs,Patrick,Watson
Rev,Alice,Fox
Dr,Kenneth,Hall
Dr,Harold,Bowman
Honorable,Bonnie,Foster
Dr,Kenneth,Jordan
Ms,Debra,Johnston
Mrs,Kathy,Murray
Rev,Jeffrey,Garza
Mrs,Earl,Wells
Rev,Carolyn,Dixon
Ms,Larry,Howell
Mr,Lois,Burns
Rev,Mildred,Reed
Ms,Jonathan,Marshall
Mrs,Bruce,Berry
Mrs,Jimmy,Patterson
Mr,Lisa,Washington
Rev,Kimberly,Mitchell
Dr,Andrew,Gomez
Rev,Joseph,West
Rev,Joseph,Vasquez
Honorable,Victor,Nelson
Mr,Cynthia,Gutierrez
Rev,Henry,Ross
Ms,Eugene,Anderson
Mr,Laura,Sanchez
Rev,Henry,Vasquez
Mr,Andrew,Patterson
Ms,Amy,Collins
Ms,Sharon,Wood
Ms,Douglas,Allen
Honorable,Judy,Nguyen
Ms,Donna,Medina
Mrs,Russell,Daniels
Mrs,Henry,Meyer
Honorable,Catherine,Lewis
Honorable,Samuel,Nguyen
Mr,Christina,Taylor
Mrs,Rachel,Reynolds
Dr,Ashley,Stewart
Mrs,Diana,Day
Dr,Marilyn,Ellis
Ms,Wayne,Barnes
Mr,Jimmy,Rose
Mrs,Steven,Kim
Rev,Nancy,Wells
Rev,Carol,Ross
Ms,Paula,Gutierrez
Rev,Sean,Snyder
Mr,Irene,Collins
Ms,Joshua,Perkins
Mrs,Howard,Baker
Dr,Karen,Bennett
Honorable,Bonnie,Woods
Dr,Michelle,Campbell
Mrs,Wayne,Knight
Ms,Fred,Berry
Mr,Jack,George
Ms,Jose,Harrison
Honorable,Diane,Sims
Mr,Judy,Chapman
Mr,Frank,Tucker
Rev,Wayne,Duncan
Honorable,Billy,Tucker
Ms,Raymond,Hudson
Mrs,Daniel,Ramos
Ms,Michael,Reed
Mr,Benjamin,Ortiz
Ms,Carlos,Fernandez
Mr,Stephen,Parker
Honorable,Melissa,Dunn
Dr,Jeffrey,Ward
Ms,Jack,Ruiz
Rev,Harry,Lynch
Honorable,Mary,Bailey
Ms,Gloria,Edwards
Honorable,Barbara,Washington
Ms,Sara,Adams
Ms,Jimmy,Rice
Rev,Sara,Nichols
Honorable,Rachel,Campbell
Dr,Frances,Fowler
Mrs,Helen,Barnes
Honorable,Antonio,Peters
Honorable,Jerry,Bowman
Rev,Andrea,Flores
Mr,Shirley,Brooks
Mr,Jacqueline,Lee
Rev,Johnny,Brown
Honorable,Peter,Ward
Mrs,Fred,Payne
Ms,Arthur,Cruz
Mr,Daniel,Clark
Ms,Lawrence,Little
Ms,Ronald,Mason
Honorable,Andrew,Lawson
Rev,Tina,Matthews
Ms,Bonnie,Lopez
Mrs,Albert,Fisher
Rev,Charles,Mendoza
Ms,Juan,Watkins
Mrs,Clarence,Cole
Honorable,Jacqueline,Hughes
Honorable,Irene,Peters
Ms,Jonathan,Dixon
Mrs,Kenneth,Jackson
Dr,Christina,Phillips
Mrs,Denise,Sullivan
Ms,Johnny,Smith
Honorable,Brenda,Murphy
Dr,Amanda,Brooks
Ms,Robin,Spencer
Mrs,Jerry,Woods
Rev,Donna,Reynolds
Mrs,Dennis,Young
Honorable,Edward,Weaver
Rev,Steven,Davis
Ms,Christine,Gordon
Rev,Kathleen,Carroll
Ms,Robin,Medina
Ms,Jeffrey,Frazier
Dr,Timothy,Cox
Rev,Sandra,Mason
Rev,Rebecca,Carter
Dr,Donald,Morris
Dr,Frances,Wheeler
Dr,Donald,Wells
Mr,Carlos,Berry
Rev,Dennis,Duncan
Honorable,Johnny,Rivera
Ms,Joe,Long
Mr,Joshua,Cox
Ms,Michelle,Carr
Mrs,Antonio,Burns
Ms,Jesse,Edwards
Mr,Maria,Bryant
Honorable,Marilyn,Warren
Mrs,Brandon,Rogers
Mr,Roy,Bailey
Mrs,George,Larson
Dr,Mary,Hall
Honorable,Elizabeth,Morris
Ms,Ruth,Duncan
Rev,Virginia,Morgan
Ms,Joan,Hall
Honorable,Karen,Meyer
Mrs,Brian,Burke
Honorable,Terry,Burns
Ms,Scott,Ellis
Honorable,Lillian,Moore
Mr,Nancy,Pierce
Mr,Donna,Roberts
Mr,Raymond,Garcia
Mr,Sean,Owens
Honorable,Louise,Ruiz
Mr,Wayne,Lewis
Mr,Louis,Webb
Rev,Nicholas,Lopez
Honorable,Justin,Rose
Ms,Kelly,Adams
Mr,Ryan,Morales
Mrs,Denise,Duncan
Honorable,Patrick,Perez
Rev,Roger,Alvarez
Dr,Lori,Nguyen
Honorable,Janice,Bailey
Mr,Louise,Roberts
Dr,Willie,Jones
Dr,Karen,Walker
Rev,Virginia,Freeman
Mrs,Willie,Weaver
Rev,Stephen,Ford
Ms,Gregory,Banks
Honorable,Bruce,Shaw
Dr,Rose,Simpson
Rev,Rose,Owens
Dr,Patricia,Snyder
Honorable,Julie,Ferguson
Honorable,Debra,Mills
Rev,Andrew,Meyer
Honorable,Thomas,Elliott
Mrs,Wanda,Bennett
Mr,Benjamin,Allen
Mrs,Tina,Porter
Rev,Debra,Fowler
Honorable,Anthony,Johnston
Rev,Susan,Cruz
Rev,William,Hunt
Honorable,Barbara,Cox
Mr,Craig,Perkins
Dr,Theresa,Hanson
Mr,Pamela,Peters
Honorable,Andrew,Ferguson
Mrs,Gerald,Young
Mr,Janice,Armstrong
Mr,Juan,Price
Rev,Amy,Miller
Rev,Shawn,Watson
Honorable,Jerry,Dunn
Ms,Terry,Rodriguez
Mrs,Aaron,Riley
Dr,Catherine,Johnson
Mr,Harold,Alexander
Mrs,Phillip,Lynch
Mrs,Ruby,Adams
Ms,Theresa,Coleman
Dr,Amanda,Rodriguez
Ms,Gregory,Gardner
Dr,Wanda,Burns
Honorable,Annie,Rice
Dr,Theresa,Rice
Rev,Ruth,Black
Honorable,Lisa,Oliver
Dr,Betty,Gibson
Ms,Lisa,Williams
Dr,Sarah,Sims
Dr,Jose,Roberts
Honorable,Victor,Martin
Honorable,Norma,Mitchell
Rev,Albert,Myers
Rev,Kimberly,Banks
Ms,Doris,Griffin
Dr,John,Ramirez
Dr,Deborah,Howell
Rev,Dorothy,Nichols
Rev,Bruce,Sanchez
Mrs,Amanda,Robertson
Rev,Carolyn,Kim
Honorable,Pamela,Bradley
Mr,Carl,Martinez
Ms,Walter,Pierce
Honorable,Stephen,Flores
Dr,Linda,Fowler
Honorable,Janice,Ramirez
Mrs,Tammy,Fisher
Dr,Donald,Mills
Mr,Anne,Harris
Honorable,Harry,Rice
Mr,George,Fox
Mr,Doris,Baker
Dr,Heather,Lawson
Dr,Daniel,Jones
Dr,Ryan,Robertson
Mrs,Rebecca,Watson
Ms,Bruce,Bishop
Mrs,Carol,Peterson
Ms,Ann,Carroll
Honorable,Arthur,Richards
Dr,Kathryn,Murray
Mrs,Amy,Washington
Ms,Willie,Powell
Dr,Evelyn,Stone
Dr,Kathy,Hughes
Ms,Thomas,Simmons
Honorable,Evelyn,Sanchez
Mr,Joshua,Martinez
Mrs,Kathy,Gomez
Mrs,Brandon,Ford
Honorable,Michelle,Carroll
Rev,Henry,Collins
Dr,Shawn,Wood
Ms,Dorothy,Carter
Rev,Janice,Nichols
Mrs,Jeremy,Dunn
Dr,Thomas,Wright
Mr,Jason,Harrison
Rev,Cheryl,Reyes
Rev,David,Morris
Ms,Judy,Davis
Dr,Martin,Gardner
Mr,Thomas,Armstrong
Ms,Diane,Carter
Mrs,Harold,Reed
Ms,Lawrence,Foster
Mr,John,Griffin
Rev,Aaron,Adams
Ms,Tina,Perez
Mrs,Ashley,Butler
Rev,Matthew,Wright
Ms,Stephanie,Gordon
Ms,Sean,Ford
Mr,Walter,Lewis
Rev,Ruby,Watkins
Ms,Mildred,Wood
Honorable,Frances,Smith
Rev,Tina,Mccoy
Mrs,Andrew,Watson
Mrs,Phillip,Morrison
Ms,Ronald,Baker
Rev,Kimberly,Arnold
Rev,Robert,Allen
Mrs,Carolyn,White
Ms,Timothy,Phillips
Dr,Irene,Brooks
Dr,Brandon,Fox
Ms,Bonnie,Simpson
Mrs,Emily,Collins
Mrs,Angela,Fox
Rev,Michael,Franklin
Dr,Sandra,Clark
Dr,Carlos,Bishop
Mrs,Susan,Cooper
Mr,Teresa,Ramos
Rev,Frances,Hansen
Mrs,Donald,Frazier
Mr,Harold,George
Mrs,Jessica,Stanley
Ms,Kathryn,Dixon
Rev,Denise,Snyder
Dr,Eric,Ortiz
Rev,Roger,Davis
Rev,Cynthia,Wallace
Rev,Patrick,Cooper
Ms,Sarah,Fisher
Mrs,Craig,Weaver
Ms,Catherine,Watkins
Rev,Andrea,Austin
Mr,Paula,Moreno
Rev,Fred,Daniels
Honorable,Brenda,Carr
Mrs,Irene,Jackson
Rev,Louise,Bryant
Honorable,Pamela,Hall
Ms,Barbara,Burns
Mrs,Jacqueline,Lee
Honorable,Frances,Martin
Mr,Catherine,Myers
Rev,Michelle,Burton
Rev,Ann,Reynolds
Mrs,Laura,Webb
Mr,Raymond,Cole
Honorable,Philip,Carroll
Honorable,Christine,Garcia
Dr,Louis,Martinez
Mrs,Kenneth,Parker
Mrs,Martha,Davis
Mrs,Ronald,Larson
Rev,Deborah,Gordon
Mrs,Mildred,Hanson
Rev,Cheryl,Hicks
Mr,Kelly,Dixon
Honorable,Louise,Simmons
Dr,Donald,Mcdonald
Rev,Norma,Andrews
Rev,Julia,Lewis
Mrs,Nicholas,Carr
Dr,Jose,Gonzales
Mrs,Heather,Stone
Rev,Louis,Daniels
Ms,Diana,Spencer
Mr,Arthur,Russell
Honorable,Marilyn,Hanson
Honorable,Betty,Bradley
Honorable,Ralph,Foster
Rev,Stephen,Howard
Dr,Mildred,Hicks
Dr,Christina,Coleman
Rev,Anna,Jenkins
Mrs,Justin,Brooks
Dr,Wayne,Ford
Mr,Emily,Parker
Mr,Harry,Armstrong
Dr,Brian,Woods
Mrs,Carl,Moore
Mr,Ralph,Cruz
Honorable,Rachel,Ortiz
Mr,Angela,Ellis
Honorable,Lois,Cooper
Mrs,Ann,Diaz
Honorable,Frances,Little
Dr,Heather,Lawson
Mr,Melissa,Ray
Mrs,Sarah,Gordon
Rev,Anna,Lewis
Mrs,Michelle,Hart
Mrs,Stephanie,Murphy
Ms,Frank,Diaz
Mr,Kimberly,Reynolds
Honorable,Rachel,Torres
Honorable,Daniel,Perkins
Honorable,Emily,Hansen
Ms,Earl,Gutierrez
Honorable,Jason,Kennedy
Mrs,Keith,West
Honorable,Raymond,Green
Mr,Douglas,Clark
Rev,Benjamin,Fuller
Dr,Wayne,James
Mrs,Ryan,Adams
Ms,Patrick,Garrett
Mrs,Phillip,Mcdonald
Ms,Linda,Medina
Ms,Deborah,Richards
Honorable,Joshua,Jacobs
Ms,Juan,Harper
Ms,Frank,Patterson
Honorable,Joshua,Wright
Rev,Ruth,King
Honorable,Lois,Ford
Dr,Louis,Mcdonald
Mrs,Jeffrey,Hawkins
Mr,Eugene,Rodriguez
Honorable,Willie,Thompson
Mrs,Martin,Chapman
Rev,Timothy,Gutierrez
Mrs,Rachel,Palmer
Mr,Laura,Ellis
Ms,Donald,Torres
Honorable,Bobby,Lane
Ms,Tammy,Harrison
Mr,Sharon,Phillips
Mrs,Walter,Welch
Ms,Kevin,Fields
Mrs,Scott,Price
Mr,Jennifer,Hayes
Mr,Joe,Larson
Rev,Catherine,Sanchez
Honorable,Mildred,Reed
Mr,Judy,Vasquez
Mrs,Beverly,Franklin
Honorable,Douglas,Crawford
Mrs,Linda,Mitchell
Mr,Phyllis,Williams
Mr,Harold,Harris
Rev,Anne,Perkins
Mr,Diane,Hicks
Honorable,Albert,Howard
Mr,Annie,Hunter
Mrs,Patricia,Marshall
Mrs,Jennifer,King
Honorable,Cynthia,Lawson
Rev,Robin,Weaver
Rev,Michelle,Romero
Honorable,Pamela,Ramirez
Ms,Daniel,Armstrong
Rev,Charles,Simpson
Mr,Steve,Hudson
Rev,Jonathan,Williamson
Mr,Norma,Dixon
Rev,Evelyn,Jenkins
Honorable,Melissa,Flores
Mrs,Martha,Montgomery
Dr,George,Washington
Honorable,Joshua,Moore
Rev,Lillian,Wagner
Rev,Brian,Watkins
Honorable,Ann,Stone
Mr,Juan,Walker
Mrs,Charles,Smith
Ms,Maria,Gilbert
Dr,Samuel,Butler
Ms,Ryan,Morales
Mrs,Virginia,Collins
Honorable,Randy,Cook
Honorable,Kathy,Pierce
Mrs,John,Schmidt
Honorable,Joyce,Marshall
Ms,Martin,Powell
Rev,Ruth,Porter
Rev,Gregory,Ramirez
Dr,Catherine,Diaz
Mrs,Robert,Carpenter
Rev,Victor,Porter
Rev,Amy,Thomas
Honorable,Teresa,Robinson
Rev,Betty,Hunt
Mr,Gregory,Lawson
Mr,Margaret,Mills
Honorable,Phyllis,Riley
Honorable,Justin,Long
Ms,Norma,Powell
Honorable,Sarah,Price
Rev,Jessica,Ross
Mrs,Russell,Ellis
Dr,Gregory,Richardson
Honorable,Kenneth,Lane
Mr,Eugene,Jacobs
Dr,Chris,Edwards
Mrs,Lois,Long
Honorable,James,Sims
Mrs,Christopher,Stevens
Mrs,Shirley,Roberts
Mrs,Amanda,Peters
Mrs,Harry,Chavez
Honorable,William,Carter
Dr,Kathleen,Rice
Mrs,Kimberly,Morris
Dr,Lori,Wilson
Mr,Ashley,Hughes
Ms,Frank,Gonzales
Honorable,Karen,Larson
Honorable,Johnny,Evans
Mr,Lori,Gordon
Rev,Rachel,Mason
Ms,Peter,Holmes
Dr,Ralph,Alvarez
Mrs,Sara,Cunningham
Rev,Deborah,Roberts
Rev,Brian,Fuller
Rev,Billy,Welch
Mr,Jason,Fields
Rev,Timothy,Lawrence
Mr,Peter,Payne
Rev,Kimberly,Fernandez
Dr,Julia,Hill
Honorable,Edward,Jordan
Mrs,Roger,Miller
Mr,Stephanie,Cole
Ms,James,Hansen
Mrs,Karen,Parker
Honorable,Peter,Bennett
Honorable,Tammy,Nichols
Ms,Katherine,Castillo
Dr,Sara,Gonzales
Mr,Bruce,Porter
Dr,Joan,Flores
Honorable,Janice,Palmer
Honorable,Linda,George
Mr,Andrew,Fernandez
Mrs,Virginia,Armstrong
Dr,Ruby,Lee
Dr,Harry,Flores
Rev,Maria,Cunningham
Dr,Patricia,Henry
Honorable,Dorothy,Duncan
Mrs,Carl,Patterson
Ms,Louise,Willis
Ms,Clarence,Carr
Ms,Gary,Patterson
Ms,Brian,Alvarez
Dr,Jeremy,Johnson
Mr,Janice,Fields
Dr,Ronald,Snyder
Honorable,Steve,Warren
Honorable,Juan,Bishop
Rev,Angela,Oliver
Rev,Brandon,Dixon
Honorable,Antonio,Wells
Rev,Martin,Knight
Mrs,Shawn,Ray
Rev,Anne,Cook
Ms,Julie,Hunt
Mrs,Craig,Hamilton
Rev,Marie,Campbell
Dr,Annie,Garcia
Rev,Pamela,Wright
Ms,Phyllis,Marshall
Dr,Amy,Stewart
Mr,Sara,Mendoza
Dr,Nancy,Burns
Mrs,Amanda,Dean
Rev,Lawrence,Reid
Ms,Mildred,Ferguson
Ms,Emily,Banks
Ms,Alan,Lopez
Ms,Patrick,Reid
Rev,Ralph,Reed
Dr,Jessica,Fields
Dr,Matthew,Nelson
Dr,James,Price
Mr,Charles,Elliott
Dr,Sandra,Chapman
Mrs,Kathy,Rice
Rev,Thomas,Coleman
Mr,Carl,Greene
Honorable,Samuel,Little
Honorable,Julie,Hughes
Mrs,Bruce,Reid
Mr,Lillian,Miller
Ms,Joyce,Reynolds
Rev,Roger,Fields
Mrs,Carolyn,Harvey
Mrs,Brenda,Perez
Mr,Bonnie,Snyder
Honorable,Wanda,Mitchell
Dr,Brandon,Evans
Mrs,Mildred,Mendoza
Rev,Lori,Hudson
Ms,Martin,Marshall
Honorable,Roger,Moore
Mrs,Ryan,Taylor
Dr,Phillip,Thomas
Mrs,Elizabeth,Murray
Ms,Jennifer,Carr
Mr,Nancy,Campbell
Mr,Lisa,Russell
Dr,Robin,Berry
Rev,Joe,Hunter
Mrs,Wanda,Lawson
Dr,Virginia,Myers
Mr,Lois,Day
Mr,Phyllis,White
Dr,Jennifer,Morales
Rev,Gerald,Murphy
Mrs,Raymond,Thompson
Ms,Peter,Sanders
Ms,Wayne,Kelley
Ms,Gregory,Hart
Ms,Frank,Collins
Dr,Tina,Watson
Dr,Rose,Phillips
Dr,Beverly,Wells
Rev,Robin,Banks
Rev,Anthony,Hanson
Dr,Lori,Russell
Dr,Willie,Russell
Ms,Russell,Bryant
Dr,Dennis,Simmons
Mr,Marie,Powell
Mr,Brandon,Webb
Mrs,Aaron,Mitchell
Ms,Helen,Burton
Ms,Tammy,Tucker
Dr,Patrick,Jackson
Dr,Patrick,Dixon
Dr,Doris,Banks
Honorable,Michael,Gibson
Ms,Alan,Perry
Ms,Theresa,Rose
Mr,Walter,Montgomery
Honorable,Dorothy,Sims
Mrs,David,Wells
Ms,Charles,Daniels
Honorable,Billy,Weaver
Ms,Raymond,Mills
Dr,Charles,Crawford
Rev,Brian,Dunn
Ms,Kathy,Ruiz
Mr,Justin,Stewart
Ms,Jesse,Stephens
Dr,Beverly,Gutierrez
Mr,Lillian,Elliott
Mr,Beverly,Watkins
Honorable,Ashley,Spencer
Ms,Jack,Kelly
Ms,Harold,Berry
Honorable,Robert,Reynolds
Rev,Howard,Carr
Dr,Brian,Bryant
Honorable,Wanda,Rose
Mr,Diana,Cooper
Ms,Walter,Baker
Honorable,Karen,Ward
Rev,Frances,Nichols
Rev,Peter,Parker
Rev,Beverly,Wilson
Rev,Sara,Lawson
Honorable,Keith,Williams
Mrs,Bruce,Gutierrez
Ms,Peter,Stephens
Honorable,Karen,West
Mrs,Lillian,Fernandez
Mr,Christine,Sanchez
Dr,Russell,Bradley
Rev,Randy,Nichols
Mr,Edward,Hart
Mrs,Frank,Jenkins
Mr,Victor,Bryant
Rev,Ronald,Hall
Ms,Melissa,Ryan
Ms,Gerald,Mendoza
Rev,Jean,Wagner
Mrs,Rose,Castillo
Mrs,Anne,Sanchez
Honorable,Kathryn,Wilson
Honorable,Karen,Ramirez
Ms,Marie,Tucker
Mr,Joe,Ryan
Dr,Teresa,Gomez
Ms,Nancy,Lee
Honorable,Christina,Peters
Ms,Paul,Fowler
Ms,Steven,Mason
Dr,Annie,Gonzales
Honorable,Douglas,Hart
Rev,William,Tucker
Mrs,Andrew,Hansen
Honorable,Sara,Ramirez
Honorable,Antonio,Andrews
Honorable,Paul,Fernandez
Mr,Sara,Larson
Honorable,Carol,Carr
Dr,Barbara,Boyd
Dr,Brandon,Jackson
Mrs,Harry,Moreno
Mrs,Clarence,Wallace
Ms,Sandra,King
Ms,Kevin,Lane
Mr,Ruby,Spencer
Dr,Jean,Ramirez
Rev,Ruby,Johnston
Rev,Carl,Hawkins
Mrs,Carl,Mcdonald
Mr,Kathy,Gardner
Ms,Charles,Thomas
Mr,Fred,Reyes
Honorable,Diana,Brooks
Mr,Lawrence,Vasquez
Honorable,Katherine,Morris
Ms,George,Ray
Mr,Tina,Perry
Mrs,David,Reyes
Mr,Lillian,Flores
Honorable,Denise,Olson
Dr,Andrea,Brooks
Ms,Benjamin,Cox
Ms,Jacqueline,Hart
Mr,Shawn,Price
Dr,Jane,Grant
Honorable,Tammy,Henderson
Mrs,Frank,Ray
Honorable,Stephanie,Day
Honorable,Annie,Elliott
Dr,Mildred,Diaz
Mr,Timothy,Nichols
Honorable,Sarah,Phillips
Rev,Maria,Jackson
Ms,Patricia,Russell
Rev,Antonio,Graham
Dr,Martha,Myers
Mr,Fred,Jackson
Ms,Steve,Howard
Mr,Gerald,Ryan
Ms,Dennis,Rodriguez
Dr,Marie,Mitchell
Mrs,Samuel,Jenkins
Mr,Daniel,Davis
Dr,Todd,Perry
Honorable,Peter,Cook
Dr,Doris,Henderson
Dr,Margaret,Lane
Mr,Roger,Armstrong
Dr,Carol,Lawson
Rev,Denise,Stone
Mr,Harry,White
Mr,Sharon,Taylor
Mrs,Paul,Arnold
Mr,Nicholas,Hall
Dr,Edward,Spencer
Mr,Betty,Burns
Rev,Arthur,Daniels
Ms,Steve,Schmidt
Honorable,Janet,Schmidt
Rev,Ann,Wright
Dr,Billy,Medina
Mr,Beverly,Harvey
Honorable,Andrew,Daniels
Mrs,Steve,Reynolds
Ms,Benjamin,Riley
Honorable,Sandra,Howell
Dr,Jesse,Burns
Mrs,Ernest,Vasquez
Mr,Timothy,Simmons
Mr,Theresa,Austin
Rev,Sean,Green
Mr,Justin,Hamilton
Rev,Roger,Hall
Mr,Dennis,Collins
Mr,Joan,Garcia
Rev,Russell,Bishop
Mrs,Norma,Watson
Mrs,Kimberly,Woods
Mrs,Heather,Meyer
Rev,Mildred,Sanchez
Mrs,Stephen,Garrett
Ms,Karen,Lewis
Mrs,Tina,Marshall
Dr,Kelly,Walker
Mrs,Eric,Anderson
Mr,Marie,Robinson
Mr,Sean,Woods
Dr,Aaron,Rivera
Mrs,David,Davis
Dr,Martha,Rice
Mr,Steve,Robinson
Mr,Edward,Bennett
Rev,Patricia,Lewis
Ms,Doris,Lane
Ms,Melissa,Flores
Mrs,Melissa,Davis
Rev,Jonathan,Cook
Ms,Joyce,Carter
Ms,Ronald,Wallace
Ms,Brian,Perez
Rev,Lois,Parker
Rev,Sarah,Perkins
Dr,Amy,Stanley
Dr,Fred,Lane
Ms,Andrew,Bryant
Ms,Tammy,Chapman
Dr,Wanda,Torres
Mrs,Ronald,Larson
Dr,Justin,Harvey
Mrs,Evelyn,Meyer
